{"loss": [0.629898473273876, 0.5771877322086069, 0.5587265047916147, 0.5908414957135223, 0.5519119910029477, 0.5360806958619938, 0.5286510947138764, 0.5282301771086316, 0.5394111483596092, 0.5270638313404349, 0.5309695663840271, 0.52769767891529], "accuracy": [67.72760917838637, 71.87268689859363, 75.12953367875647, 70.68837897853442, 74.75943745373797, 76.980014803849, 78.01628423390082, 78.09030347890452, 76.6839378238342, 77.20207253886011, 76.0917838638046, 77.42413027387121]}