{"loss": [0.644451453242191, 0.5761035112447517, 0.5579886602800946, 0.5598476709321488, 0.5539967694947886, 0.5376390024673107, 0.5292916582074276, 0.5330499951229539, 0.5374058796915897, 0.5261893916961758, 0.5198129249173541, 0.5306443495805874], "accuracy": [63.95262768319763, 72.16876387860844, 74.31532198371576, 74.09326424870466, 75.49962990377499, 75.27757216876388, 78.09030347890452, 77.2760917838638, 75.94374537379719, 77.6461880088823, 77.20207253886011, 75.94374537379719]}