{"loss": [0.6293442581975183, 0.5673369092996731, 0.5375285495159238, 0.5396777627079986, 0.5440776535244876, 0.5437794459420581, 0.5336378057335698, 0.5268599786037622, 0.5210905373096466, 0.5263860454392988, 0.5315744641215302, 0.5345186057478882], "accuracy": [67.87564766839378, 72.98297557364914, 76.0917838638046, 75.64766839378238, 75.64766839378238, 76.23982235381199, 77.0540340488527, 77.94226498889711, 77.79422649888971, 76.8319763138416, 75.64766839378238, 77.3501110288675]}